"OriginalName","Category","NewPath","SizeBytes","LastWriteTime"
"00-image.png","00_references_originals","C:\Users\Administrator\Desktop\Dragonfall\AIResult\00_references_originals\00-image.png","2505362","2026/5/9 22:03:03"
"image.png","00_references_originals","C:\Users\Administrator\Desktop\Dragonfall\AIResult\00_references_originals\image.png","596458","2026/5/8 23:24:32"
"IY6AnyBoYPfcM7XNOZhkF.png","00_references_originals","C:\Users\Administrator\Desktop\Dragonfall\AIResult\00_references_originals\IY6AnyBoYPfcM7XNOZhkF.png","2584302","2026/5/19 21:49:43"
"JOgQ7EWfI6aPBS2hjWWsw.png","00_references_originals","C:\Users\Administrator\Desktop\Dragonfall\AIResult\00_references_originals\JOgQ7EWfI6aPBS2hjWWsw.png","3001091","2026/5/19 21:49:43"
"art_style_reference_牧羊人之心.txt","01_style_prompts_docs","C:\Users\Administrator\Desktop\Dragonfall\AIResult\01_style_prompts_docs\art_style_reference_牧羊人之心.txt","9975","2026/5/15 0:24:50"
"dragonfall_art_style_reference.txt","01_style_prompts_docs","C:\Users\Administrator\Desktop\Dragonfall\AIResult\01_style_prompts_docs\dragonfall_art_style_reference.txt","9975","2026/5/15 0:24:50"
"mage_portrait_anime_v01_prompt.txt","01_style_prompts_docs","C:\Users\Administrator\Desktop\Dragonfall\AIResult\01_style_prompts_docs\mage_portrait_anime_v01_prompt.txt","1647","2026/5/9 22:03:03"
"blue_slime_girl_pixel_chibi_U3YNR7VZ23.png","02_slime_girls","C:\Users\Administrator\Desktop\Dragonfall\AIResult\02_slime_girls\blue_slime_girl_pixel_chibi_U3YNR7VZ23.png","266953","2026/5/31 17:29:40"
"blue_slime_girl_pixel_chibi_U3YNR7VZ23.response.json","02_slime_girls","C:\Users\Administrator\Desktop\Dragonfall\AIResult\02_slime_girls\blue_slime_girl_pixel_chibi_U3YNR7VZ23.response.json","448","2026/5/31 17:29:40"
"blue_slime_girl_turnaround_dragonfall_prompt_y345YW8pyT.png","02_slime_girls","C:\Users\Administrator\Desktop\Dragonfall\AIResult\02_slime_girls\blue_slime_girl_turnaround_dragonfall_prompt_y345YW8pyT.png","481662","2026/5/31 17:24:23"
"blue_slime_girl_turnaround_dragonfall_prompt_y345YW8pyT.response.json","02_slime_girls","C:\Users\Administrator\Desktop\Dragonfall\AIResult\02_slime_girls\blue_slime_girl_turnaround_dragonfall_prompt_y345YW8pyT.response.json","448","2026/5/31 17:24:22"
"blue_slime_girl_turnaround_holopix_y345YW8pyT.png","02_slime_girls","C:\Users\Administrator\Desktop\Dragonfall\AIResult\02_slime_girls\blue_slime_girl_turnaround_holopix_y345YW8pyT.png","482662","2026/5/31 17:20:19"
"blue_slime_girl_turnaround_holopix_y345YW8pyT.response.json","02_slime_girls","C:\Users\Administrator\Desktop\Dragonfall\AIResult\02_slime_girls\blue_slime_girl_turnaround_holopix_y345YW8pyT.response.json","448","2026/5/31 17:20:18"
"blue_slime_pixel_4head_jk_fall_A1_256_pixelated.png","02_slime_girls","C:\Users\Administrator\Desktop\Dragonfall\AIResult\02_slime_girls\blue_slime_pixel_4head_jk_fall_A1_256_pixelated.png","19947","2026/5/31 17:59:51"
"blue_slime_pixel_4head_jk_fall_A1_ed45p7kmN3.png","02_slime_girls","C:\Users\Administrator\Desktop\Dragonfall\AIResult\02_slime_girls\blue_slime_pixel_4head_jk_fall_A1_ed45p7kmN3.png","483502","2026/5/31 17:53:06"
"blue_slime_pixel_4head_jk_fall_A1_ed45p7kmN3.response.json","02_slime_girls","C:\Users\Administrator\Desktop\Dragonfall\AIResult\02_slime_girls\blue_slime_pixel_4head_jk_fall_A1_ed45p7kmN3.response.json","448","2026/5/31 17:53:06"
"blue_slime_pixel_4head_jk_fall_A2_ed45p7kmN3.png","02_slime_girls","C:\Users\Administrator\Desktop\Dragonfall\AIResult\02_slime_girls\blue_slime_pixel_4head_jk_fall_A2_ed45p7kmN3.png","373871","2026/5/31 17:54:35"
"blue_slime_pixel_4head_jk_fall_A2_ed45p7kmN3.response.json","02_slime_girls","C:\Users\Administrator\Desktop\Dragonfall\AIResult\02_slime_girls\blue_slime_pixel_4head_jk_fall_A2_ed45p7kmN3.response.json","448","2026/5/31 17:54:34"
"blue_slime_pixel_4head_jk_fall_A3_ed45p7kmN3.png","02_slime_girls","C:\Users\Administrator\Desktop\Dragonfall\AIResult\02_slime_girls\blue_slime_pixel_4head_jk_fall_A3_ed45p7kmN3.png","484170","2026/5/31 17:56:52"
"blue_slime_pixel_4head_jk_fall_A3_ed45p7kmN3.response.json","02_slime_girls","C:\Users\Administrator\Desktop\Dragonfall\AIResult\02_slime_girls\blue_slime_pixel_4head_jk_fall_A3_ed45p7kmN3.response.json","448","2026/5/31 17:56:52"
"blue_slime_pixel_jk_falling_A_ed45p7kmN3.png","02_slime_girls","C:\Users\Administrator\Desktop\Dragonfall\AIResult\02_slime_girls\blue_slime_pixel_jk_falling_A_ed45p7kmN3.png","486623","2026/5/31 17:41:12"
"blue_slime_pixel_jk_falling_A_ed45p7kmN3.response.json","02_slime_girls","C:\Users\Administrator\Desktop\Dragonfall\AIResult\02_slime_girls\blue_slime_pixel_jk_falling_A_ed45p7kmN3.response.json","448","2026/5/31 17:41:11"
"blue_slime_pixel_jk_falling_B_U3YNR7VZ23.png","02_slime_girls","C:\Users\Administrator\Desktop\Dragonfall\AIResult\02_slime_girls\blue_slime_pixel_jk_falling_B_U3YNR7VZ23.png","350633","2026/5/31 17:45:40"
"blue_slime_pixel_jk_falling_B_U3YNR7VZ23.response.json","02_slime_girls","C:\Users\Administrator\Desktop\Dragonfall\AIResult\02_slime_girls\blue_slime_pixel_jk_falling_B_U3YNR7VZ23.response.json","448","2026/5/31 17:45:40"
"blue_slime_pixel_jk_falling_C_2KHH678LAU.png","02_slime_girls","C:\Users\Administrator\Desktop\Dragonfall\AIResult\02_slime_girls\blue_slime_pixel_jk_falling_C_2KHH678LAU.png","320396","2026/5/31 17:47:06"
"blue_slime_pixel_jk_falling_C_2KHH678LAU.response.json","02_slime_girls","C:\Users\Administrator\Desktop\Dragonfall\AIResult\02_slime_girls\blue_slime_pixel_jk_falling_C_2KHH678LAU.response.json","444","2026/5/31 17:47:05"
"pink_slime_pixel_expanded_fullbody_ed45p7kmN3.png","02_slime_girls","C:\Users\Administrator\Desktop\Dragonfall\AIResult\02_slime_girls\pink_slime_pixel_expanded_fullbody_ed45p7kmN3.png","328270","2026/5/31 18:30:33"
"pink_slime_pixel_expanded_fullbody_ed45p7kmN3.response.json","02_slime_girls","C:\Users\Administrator\Desktop\Dragonfall\AIResult\02_slime_girls\pink_slime_pixel_expanded_fullbody_ed45p7kmN3.response.json","448","2026/5/31 18:30:33"
"pink_slime_pixel_expanded_fullbody_ed45p7kmN3_256_pixelated.png","02_slime_girls","C:\Users\Administrator\Desktop\Dragonfall\AIResult\02_slime_girls\pink_slime_pixel_expanded_fullbody_ed45p7kmN3_256_pixelated.png","14155","2026/5/31 18:30:43"
"pink_slime_pixel_pose_i2i_ed45p7kmN3.png.response.json","02_slime_girls","C:\Users\Administrator\Desktop\Dragonfall\AIResult\02_slime_girls\pink_slime_pixel_pose_i2i_ed45p7kmN3.png.response.json","97","2026/5/31 18:06:49"
"pink_slime_pixel_pose_prompt_ed45p7kmN3.png","02_slime_girls","C:\Users\Administrator\Desktop\Dragonfall\AIResult\02_slime_girls\pink_slime_pixel_pose_prompt_ed45p7kmN3.png","710118","2026/5/31 18:08:18"
"pink_slime_pixel_pose_prompt_ed45p7kmN3.response.json","02_slime_girls","C:\Users\Administrator\Desktop\Dragonfall\AIResult\02_slime_girls\pink_slime_pixel_pose_prompt_ed45p7kmN3.response.json","448","2026/5/31 18:08:18"
"pink_slime_pixel_pose_prompt_ed45p7kmN3_256_pixelated.png","02_slime_girls","C:\Users\Administrator\Desktop\Dragonfall\AIResult\02_slime_girls\pink_slime_pixel_pose_prompt_ed45p7kmN3_256_pixelated.png","31037","2026/5/31 18:08:29"
"pink_slime_pixel_pose_ref_ed45p7kmN3.png.response.json","02_slime_girls","C:\Users\Administrator\Desktop\Dragonfall\AIResult\02_slime_girls\pink_slime_pixel_pose_ref_ed45p7kmN3.png.response.json","103","2026/5/31 18:05:57"
"pink_slime_upper_right_mini_cutout_384h.png","02_slime_girls","C:\Users\Administrator\Desktop\Dragonfall\AIResult\02_slime_girls\pink_slime_upper_right_mini_cutout_384h.png","105309","2026/5/31 18:35:32"
"pink_slime_upper_right_mini_cutout_384h_clean.png","02_slime_girls","C:\Users\Administrator\Desktop\Dragonfall\AIResult\02_slime_girls\pink_slime_upper_right_mini_cutout_384h_clean.png","103045","2026/5/31 18:36:30"
"pink_slime_upper_right_mini_cutout_384h_clean_white_preview.png","02_slime_girls","C:\Users\Administrator\Desktop\Dragonfall\AIResult\02_slime_girls\pink_slime_upper_right_mini_cutout_384h_clean_white_preview.png","102621","2026/5/31 18:36:30"
"pink_slime_upper_right_mini_cutout_384h_white_preview.png","02_slime_girls","C:\Users\Administrator\Desktop\Dragonfall\AIResult\02_slime_girls\pink_slime_upper_right_mini_cutout_384h_white_preview.png","104861","2026/5/31 18:35:32"
"pink_slime_upper_right_mini_cutout_native.png","02_slime_girls","C:\Users\Administrator\Desktop\Dragonfall\AIResult\02_slime_girls\pink_slime_upper_right_mini_cutout_native.png","97710","2026/5/31 18:35:32"
"pink_slime_upper_right_mini_cutout_native_clean.png","02_slime_girls","C:\Users\Administrator\Desktop\Dragonfall\AIResult\02_slime_girls\pink_slime_upper_right_mini_cutout_native_clean.png","94206","2026/5/31 18:36:30"
"slime_card_character_crop.png","02_slime_girls","C:\Users\Administrator\Desktop\Dragonfall\AIResult\02_slime_girls\slime_card_character_crop.png","292997","2026/5/17 16:52:38"
"slime_card_character_cutout_v2.png","02_slime_girls","C:\Users\Administrator\Desktop\Dragonfall\AIResult\02_slime_girls\slime_card_character_cutout_v2.png","192348","2026/5/17 16:56:07"
"slime_card_character_cutout_v3.png","02_slime_girls","C:\Users\Administrator\Desktop\Dragonfall\AIResult\02_slime_girls\slime_card_character_cutout_v3.png","157709","2026/5/17 16:57:08"
"slime_card_character_rough_cutout.png","02_slime_girls","C:\Users\Administrator\Desktop\Dragonfall\AIResult\02_slime_girls\slime_card_character_rough_cutout.png","232704","2026/5/17 16:53:24"
"slime_monster_girl_portrait_prompt_v01.txt","02_slime_girls","C:\Users\Administrator\Desktop\Dragonfall\AIResult\02_slime_girls\slime_monster_girl_portrait_prompt_v01.txt","2859","2026/5/15 23:20:29"
"slime_monster_girl_portrait_prompt_v01_short.txt","02_slime_girls","C:\Users\Administrator\Desktop\Dragonfall\AIResult\02_slime_girls\slime_monster_girl_portrait_prompt_v01_short.txt","1078","2026/5/15 23:20:29"
"flower_fairy_enemy_pixel_ed45p7kmN3.png","03_enemy_pixel_characters","C:\Users\Administrator\Desktop\Dragonfall\AIResult\03_enemy_pixel_characters\flower_fairy_enemy_pixel_ed45p7kmN3.png","361102","2026/5/31 18:41:46"
"flower_fairy_enemy_pixel_ed45p7kmN3.response.json","03_enemy_pixel_characters","C:\Users\Administrator\Desktop\Dragonfall\AIResult\03_enemy_pixel_characters\flower_fairy_enemy_pixel_ed45p7kmN3.response.json","448","2026/5/31 18:41:46"
"flower_fairy_enemy_pixel_ed45p7kmN3_256h.png","03_enemy_pixel_characters","C:\Users\Administrator\Desktop\Dragonfall\AIResult\03_enemy_pixel_characters\flower_fairy_enemy_pixel_ed45p7kmN3_256h.png","37074","2026/5/31 18:42:04"
"flower_fairy_enemy_pixel_ed45p7kmN3_384h.png","03_enemy_pixel_characters","C:\Users\Administrator\Desktop\Dragonfall\AIResult\03_enemy_pixel_characters\flower_fairy_enemy_pixel_ed45p7kmN3_384h.png","75733","2026/5/31 18:42:04"
"octopus_monstergirl_pixel_turnaround_ed45p7kmN3.png","03_enemy_pixel_characters","C:\Users\Administrator\Desktop\Dragonfall\AIResult\03_enemy_pixel_characters\octopus_monstergirl_pixel_turnaround_ed45p7kmN3.png","824434","2026/5/31 21:13:44"
"octopus_monstergirl_pixel_turnaround_ed45p7kmN3.response.json","03_enemy_pixel_characters","C:\Users\Administrator\Desktop\Dragonfall\AIResult\03_enemy_pixel_characters\octopus_monstergirl_pixel_turnaround_ed45p7kmN3.response.json","448","2026/5/31 21:13:44"
"octopus_monstergirl_pixel_turnaround_ed45p7kmN3_768w.png","03_enemy_pixel_characters","C:\Users\Administrator\Desktop\Dragonfall\AIResult\03_enemy_pixel_characters\octopus_monstergirl_pixel_turnaround_ed45p7kmN3_768w.png","425896","2026/5/31 21:14:49"
"snake_deity_enemy_pixel_ed45p7kmN3.png","03_enemy_pixel_characters","C:\Users\Administrator\Desktop\Dragonfall\AIResult\03_enemy_pixel_characters\snake_deity_enemy_pixel_ed45p7kmN3.png","493350","2026/5/31 18:44:24"
"snake_deity_enemy_pixel_ed45p7kmN3.response.json","03_enemy_pixel_characters","C:\Users\Administrator\Desktop\Dragonfall\AIResult\03_enemy_pixel_characters\snake_deity_enemy_pixel_ed45p7kmN3.response.json","448","2026/5/31 18:44:23"
"snake_deity_enemy_pixel_ed45p7kmN3_256h.png","03_enemy_pixel_characters","C:\Users\Administrator\Desktop\Dragonfall\AIResult\03_enemy_pixel_characters\snake_deity_enemy_pixel_ed45p7kmN3_256h.png","46961","2026/5/31 18:45:07"
"snake_deity_enemy_pixel_ed45p7kmN3_384h.png","03_enemy_pixel_characters","C:\Users\Administrator\Desktop\Dragonfall\AIResult\03_enemy_pixel_characters\snake_deity_enemy_pixel_ed45p7kmN3_384h.png","97665","2026/5/31 18:45:07"
"werewolf_enemy_pixel_ed45p7kmN3.png","03_enemy_pixel_characters","C:\Users\Administrator\Desktop\Dragonfall\AIResult\03_enemy_pixel_characters\werewolf_enemy_pixel_ed45p7kmN3.png","471697","2026/5/31 18:48:41"
"werewolf_enemy_pixel_ed45p7kmN3.response.json","03_enemy_pixel_characters","C:\Users\Administrator\Desktop\Dragonfall\AIResult\03_enemy_pixel_characters\werewolf_enemy_pixel_ed45p7kmN3.response.json","448","2026/5/31 18:48:41"
"werewolf_enemy_pixel_ed45p7kmN3_256h.png","03_enemy_pixel_characters","C:\Users\Administrator\Desktop\Dragonfall\AIResult\03_enemy_pixel_characters\werewolf_enemy_pixel_ed45p7kmN3_256h.png","48536","2026/5/31 18:50:24"
"werewolf_enemy_pixel_ed45p7kmN3_384h.png","03_enemy_pixel_characters","C:\Users\Administrator\Desktop\Dragonfall\AIResult\03_enemy_pixel_characters\werewolf_enemy_pixel_ed45p7kmN3_384h.png","99453","2026/5/31 18:50:24"
"detective_girl_beautiful_redraw_i2i_multimodel_01.png.response.json","04_detective_girl","C:\Users\Administrator\Desktop\Dragonfall\AIResult\04_detective_girl\detective_girl_beautiful_redraw_i2i_multimodel_01.png.response.json","496","2026/5/31 23:05:39"
"detective_girl_beautiful_redraw_multimodel_01.png","04_detective_girl","C:\Users\Administrator\Desktop\Dragonfall\AIResult\04_detective_girl\detective_girl_beautiful_redraw_multimodel_01.png","1042301","2026/5/31 23:03:09"
"detective_girl_beautiful_redraw_multimodel_01.png.response.json","04_detective_girl","C:\Users\Administrator\Desktop\Dragonfall\AIResult\04_detective_girl\detective_girl_beautiful_redraw_multimodel_01.png.response.json","963","2026/5/31 23:03:08"
"detective_girl_beautiful_redraw_multimodel_ref.png.response.json","04_detective_girl","C:\Users\Administrator\Desktop\Dragonfall\AIResult\04_detective_girl\detective_girl_beautiful_redraw_multimodel_ref.png.response.json","103","2026/5/31 22:59:25"
"detective_girl_beautiful_redraw_ref_multimodel_02.png.response.json","04_detective_girl","C:\Users\Administrator\Desktop\Dragonfall\AIResult\04_detective_girl\detective_girl_beautiful_redraw_ref_multimodel_02.png.response.json","478","2026/5/31 23:09:38"
"detective_girl_beautiful_redraw_refurl_multimodel_03.png","04_detective_girl","C:\Users\Administrator\Desktop\Dragonfall\AIResult\04_detective_girl\detective_girl_beautiful_redraw_refurl_multimodel_03.png","546207","2026/5/31 23:14:30"
"detective_girl_beautiful_redraw_refurl_multimodel_03.png.response.json","04_detective_girl","C:\Users\Administrator\Desktop\Dragonfall\AIResult\04_detective_girl\detective_girl_beautiful_redraw_refurl_multimodel_03.png.response.json","1135","2026/5/31 23:14:29"
"detective_girl_standing_finished_2TMfz7te23_02.png","04_detective_girl","C:\Users\Administrator\Desktop\Dragonfall\AIResult\04_detective_girl\detective_girl_standing_finished_2TMfz7te23_02.png","371488","2026/5/31 22:55:34"
"detective_girl_standing_finished_2TMfz7te23_02.png.response.json","04_detective_girl","C:\Users\Administrator\Desktop\Dragonfall\AIResult\04_detective_girl\detective_girl_standing_finished_2TMfz7te23_02.png.response.json","448","2026/5/31 22:55:33"
"detective_girl_standing_finished_EJ4NHA892S_01.png","04_detective_girl","C:\Users\Administrator\Desktop\Dragonfall\AIResult\04_detective_girl\detective_girl_standing_finished_EJ4NHA892S_01.png","1115778","2026/5/31 22:51:41"
"detective_girl_standing_finished_EJ4NHA892S_01.png.response.json","04_detective_girl","C:\Users\Administrator\Desktop\Dragonfall\AIResult\04_detective_girl\detective_girl_standing_finished_EJ4NHA892S_01.png.response.json","448","2026/5/31 22:51:41"
"q_chibi_detective_finished_i2i.png.response.json","04_detective_girl","C:\Users\Administrator\Desktop\Dragonfall\AIResult\04_detective_girl\q_chibi_detective_finished_i2i.png.response.json","100","2026/5/31 22:41:04"
"q_chibi_detective_finished_i2i_nostrength.png.response.json","04_detective_girl","C:\Users\Administrator\Desktop\Dragonfall\AIResult\04_detective_girl\q_chibi_detective_finished_i2i_nostrength.png.response.json","100","2026/5/31 22:42:26"
"q_chibi_detective_finished_i2i_single.png.response.json","04_detective_girl","C:\Users\Administrator\Desktop\Dragonfall\AIResult\04_detective_girl\q_chibi_detective_finished_i2i_single.png.response.json","100","2026/5/31 22:41:54"
"q_chibi_detective_finished_ref_t2i.png.response.json","04_detective_girl","C:\Users\Administrator\Desktop\Dragonfall\AIResult\04_detective_girl\q_chibi_detective_finished_ref_t2i.png.response.json","100","2026/5/31 22:43:05"
"q_chibi_detective_finished_t2i_01.png","04_detective_girl","C:\Users\Administrator\Desktop\Dragonfall\AIResult\04_detective_girl\q_chibi_detective_finished_t2i_01.png","1095978","2026/5/31 22:45:26"
"q_chibi_detective_finished_t2i_01.png.response.json","04_detective_girl","C:\Users\Administrator\Desktop\Dragonfall\AIResult\04_detective_girl\q_chibi_detective_finished_t2i_01.png.response.json","448","2026/5/31 22:45:25"
"q_chibi_lineart_pose_crop.png","04_detective_girl","C:\Users\Administrator\Desktop\Dragonfall\AIResult\04_detective_girl\q_chibi_lineart_pose_crop.png","751412","2026/5/31 22:40:20"
"deleijieen_pose_floor_lie_i2i_NT4HQ78U2Q.png.response.json","05_deleijieen","C:\Users\Administrator\Desktop\Dragonfall\AIResult\05_deleijieen\deleijieen_pose_floor_lie_i2i_NT4HQ78U2Q.png.response.json","100","2026/5/31 22:27:29"
"deleijieen_pose_floor_lie_t2i_NT4HQ78U2Q.png","05_deleijieen","C:\Users\Administrator\Desktop\Dragonfall\AIResult\05_deleijieen\deleijieen_pose_floor_lie_t2i_NT4HQ78U2Q.png","1414630","2026/5/31 22:30:04"
"deleijieen_pose_floor_lie_t2i_NT4HQ78U2Q.png.response.json","05_deleijieen","C:\Users\Administrator\Desktop\Dragonfall\AIResult\05_deleijieen\deleijieen_pose_floor_lie_t2i_NT4HQ78U2Q.png.response.json","448","2026/5/31 22:30:04"
"deleijieen_redraw_NT4HQ78U2Q.png.response.json","05_deleijieen","C:\Users\Administrator\Desktop\Dragonfall\AIResult\05_deleijieen\deleijieen_redraw_NT4HQ78U2Q.png.response.json","97","2026/5/31 22:00:27"
"deleijieen_redraw_t2i_NT4HQ78U2Q.png","05_deleijieen","C:\Users\Administrator\Desktop\Dragonfall\AIResult\05_deleijieen\deleijieen_redraw_t2i_NT4HQ78U2Q.png","858671","2026/5/31 22:05:18"
"deleijieen_redraw_t2i_NT4HQ78U2Q.response.json","05_deleijieen","C:\Users\Administrator\Desktop\Dragonfall\AIResult\05_deleijieen\deleijieen_redraw_t2i_NT4HQ78U2Q.response.json","448","2026/5/31 22:05:17"
"deleijieen_redraw_t2i_NT4HQ78U2Q_1080x1920_wallpaper.png","05_deleijieen","C:\Users\Administrator\Desktop\Dragonfall\AIResult\05_deleijieen\deleijieen_redraw_t2i_NT4HQ78U2Q_1080x1920_wallpaper.png","1734079","2026/5/31 22:09:00"
"deleijieen_redraw_t2i_NT4HQ78U2Q_512h.png","05_deleijieen","C:\Users\Administrator\Desktop\Dragonfall\AIResult\05_deleijieen\deleijieen_redraw_t2i_NT4HQ78U2Q_512h.png","226713","2026/5/31 22:05:56"
"deleijieen_redraw_t2i_NT4HQ78U2Q_9x16_crop.png","05_deleijieen","C:\Users\Administrator\Desktop\Dragonfall\AIResult\05_deleijieen\deleijieen_redraw_t2i_NT4HQ78U2Q_9x16_crop.png","801015","2026/5/31 22:08:59"
"deleijieen_strict_redraw_from_small_i2i_NT4HQ78U2Q.png.response.json","05_deleijieen","C:\Users\Administrator\Desktop\Dragonfall\AIResult\05_deleijieen\deleijieen_strict_redraw_from_small_i2i_NT4HQ78U2Q.png.response.json","100","2026/5/31 22:22:14"
"deleijieen_strict_redraw_from_small_t2i_NT4HQ78U2Q.png","05_deleijieen","C:\Users\Administrator\Desktop\Dragonfall\AIResult\05_deleijieen\deleijieen_strict_redraw_from_small_t2i_NT4HQ78U2Q.png","880259","2026/5/31 22:23:35"
"deleijieen_strict_redraw_from_small_t2i_NT4HQ78U2Q.png.response.json","05_deleijieen","C:\Users\Administrator\Desktop\Dragonfall\AIResult\05_deleijieen\deleijieen_strict_redraw_from_small_t2i_NT4HQ78U2Q.png.response.json","448","2026/5/31 22:23:35"
"deleijieen_strict_redraw_i2i_NT4HQ78U2Q.png.response.json","05_deleijieen","C:\Users\Administrator\Desktop\Dragonfall\AIResult\05_deleijieen\deleijieen_strict_redraw_i2i_NT4HQ78U2Q.png.response.json","100","2026/5/31 22:20:23"
"pose_reference_floor_lie_1024.jpg","05_deleijieen","C:\Users\Administrator\Desktop\Dragonfall\AIResult\05_deleijieen\pose_reference_floor_lie_1024.jpg","85097","2026/5/31 22:26:55"
"reference_deleijieen.png","05_deleijieen","C:\Users\Administrator\Desktop\Dragonfall\AIResult\05_deleijieen\reference_deleijieen.png","5177644","2023/1/12 11:36:32"
"reference_deleijieen_i2i_768.jpg","05_deleijieen","C:\Users\Administrator\Desktop\Dragonfall\AIResult\05_deleijieen\reference_deleijieen_i2i_768.jpg","61135","2026/5/31 21:53:40"
"reference_deleijieen_small_1.png","05_deleijieen","C:\Users\Administrator\Desktop\Dragonfall\AIResult\05_deleijieen\reference_deleijieen_small_1.png","921100","2026/5/31 22:11:42"
"reference_deleijieen_small_1_i2i.jpg","05_deleijieen","C:\Users\Administrator\Desktop\Dragonfall\AIResult\05_deleijieen\reference_deleijieen_small_1_i2i.jpg","69105","2026/5/31 22:18:16"
"jellyfish_blue_girl_white_dress_NT4HQ78U2Q.png","06_jellyfish_girl","C:\Users\Administrator\Desktop\Dragonfall\AIResult\06_jellyfish_girl\jellyfish_blue_girl_white_dress_NT4HQ78U2Q.png","796984","2026/5/31 21:40:57"
"jellyfish_blue_girl_white_dress_NT4HQ78U2Q.response.json","06_jellyfish_girl","C:\Users\Administrator\Desktop\Dragonfall\AIResult\06_jellyfish_girl\jellyfish_blue_girl_white_dress_NT4HQ78U2Q.response.json","448","2026/5/31 21:40:56"
"jellyfish_blue_girl_white_dress_NT4HQ78U2Q_512h.png","06_jellyfish_girl","C:\Users\Administrator\Desktop\Dragonfall\AIResult\06_jellyfish_girl\jellyfish_blue_girl_white_dress_NT4HQ78U2Q_512h.png","219366","2026/5/31 21:41:21"
"jellyfish_bride_pixel_ed45p7kmN3.png","06_jellyfish_girl","C:\Users\Administrator\Desktop\Dragonfall\AIResult\06_jellyfish_girl\jellyfish_bride_pixel_ed45p7kmN3.png","728040","2026/5/31 21:45:54"
"jellyfish_bride_pixel_ed45p7kmN3.response.json","06_jellyfish_girl","C:\Users\Administrator\Desktop\Dragonfall\AIResult\06_jellyfish_girl\jellyfish_bride_pixel_ed45p7kmN3.response.json","448","2026/5/31 21:45:54"
"jellyfish_bride_pixel_ed45p7kmN3_256h.png","06_jellyfish_girl","C:\Users\Administrator\Desktop\Dragonfall\AIResult\06_jellyfish_girl\jellyfish_bride_pixel_ed45p7kmN3_256h.png","75211","2026/5/31 21:47:18"
"jellyfish_bride_pixel_ed45p7kmN3_384h.png","06_jellyfish_girl","C:\Users\Administrator\Desktop\Dragonfall\AIResult\06_jellyfish_girl\jellyfish_bride_pixel_ed45p7kmN3_384h.png","153779","2026/5/31 21:47:18"
"dragonfall_pixel_ui_kit_ed45p7kmN3.png","07_ui_vfx","C:\Users\Administrator\Desktop\Dragonfall\AIResult\07_ui_vfx\dragonfall_pixel_ui_kit_ed45p7kmN3.png","520118","2026/5/31 21:21:46"
"dragonfall_pixel_ui_kit_ed45p7kmN3.response.json","07_ui_vfx","C:\Users\Administrator\Desktop\Dragonfall\AIResult\07_ui_vfx\dragonfall_pixel_ui_kit_ed45p7kmN3.response.json","448","2026/5/31 21:21:45"
"dragonfall_pixel_ui_kit_ed45p7kmN3_1280w.png","07_ui_vfx","C:\Users\Administrator\Desktop\Dragonfall\AIResult\07_ui_vfx\dragonfall_pixel_ui_kit_ed45p7kmN3_1280w.png","558781","2026/5/31 21:22:52"
"dragonfall_pixel_vfx_sheet_01_ed45p7kmN3.png","07_ui_vfx","C:\Users\Administrator\Desktop\Dragonfall\AIResult\07_ui_vfx\dragonfall_pixel_vfx_sheet_01_ed45p7kmN3.png","692949","2026/5/31 22:37:57"
"dragonfall_pixel_vfx_sheet_01_ed45p7kmN3.png.response.json","07_ui_vfx","C:\Users\Administrator\Desktop\Dragonfall\AIResult\07_ui_vfx\dragonfall_pixel_vfx_sheet_01_ed45p7kmN3.png.response.json","448","2026/5/31 22:37:56"
"dragonfall_pixel_vfx_sheet_02_multimodel.png","07_ui_vfx","C:\Users\Administrator\Desktop\Dragonfall\AIResult\07_ui_vfx\dragonfall_pixel_vfx_sheet_02_multimodel.png","1335973","2026/5/31 22:39:00"
"dragonfall_pixel_vfx_sheet_02_multimodel.png.response.json","07_ui_vfx","C:\Users\Administrator\Desktop\Dragonfall\AIResult\07_ui_vfx\dragonfall_pixel_vfx_sheet_02_multimodel.png.response.json","448","2026/5/31 22:38:59"
"holopix_models_latest.json","08_holopix_metadata","C:\Users\Administrator\Desktop\Dragonfall\AIResult\08_holopix_metadata\holopix_models_latest.json","126431","2026/5/31 22:34:40"
"holopixai-model-detail-23DNP78TUC.json","08_holopix_metadata","C:\Users\Administrator\Desktop\Dragonfall\AIResult\08_holopix_metadata\holopixai-model-detail-23DNP78TUC.json","1258","2026/5/31 17:39:26"
"holopixai-model-detail-2KHH678LAU.json","08_holopix_metadata","C:\Users\Administrator\Desktop\Dragonfall\AIResult\08_holopix_metadata\holopixai-model-detail-2KHH678LAU.json","1162","2026/5/31 17:39:26"
"holopixai-model-detail-ed45p7kmN3.json","08_holopix_metadata","C:\Users\Administrator\Desktop\Dragonfall\AIResult\08_holopix_metadata\holopixai-model-detail-ed45p7kmN3.json","498","2026/5/31 17:39:27"
"holopixai-model-detail-U3YNR7VZ23.json","08_holopix_metadata","C:\Users\Administrator\Desktop\Dragonfall\AIResult\08_holopix_metadata\holopixai-model-detail-U3YNR7VZ23.json","521","2026/5/31 17:26:59"
"holopixai-models.response.json","08_holopix_metadata","C:\Users\Administrator\Desktop\Dragonfall\AIResult\08_holopix_metadata\holopixai-models.response.json","126271","2026/5/31 16:34:55"
"holopixai-rights.response.json","08_holopix_metadata","C:\Users\Administrator\Desktop\Dragonfall\AIResult\08_holopix_metadata\holopixai-rights.response.json","245","2026/5/31 16:54:21"
"split_exp_crystals.py","09_scripts","C:\Users\Administrator\Desktop\Dragonfall\AIResult\09_scripts\split_exp_crystals.py","5524","2026/5/9 22:03:03"
